Title,Publish Date
How Much Do the Teenage Mutant Ninja Turtles Know About Turtles?,2023-08-01T00:30:30Z
Nintendo Reportedly Plans to Release Next-Gen Console During Second Half of 2024 - IGN Daily Fix,2023-07-31T23:41:32Z
Spider-Man: Beyond the Spider-Verse Delayed Indefinitely Amid Strikes - IGN The Fix: Entertainment,2023-07-31T23:22:26Z
KamiErabi GOD.app - Official Teaser Trailer (Yoko Taro) English Sub,2023-07-31T23:00:13Z
The Devil's Game - Official Trailer,2023-07-31T22:00:36Z
Warrior King - Official Trailer (2023),2023-07-31T21:00:31Z
"Strays - Official Red Band Behind the Scenes Clip (2023) Will Ferrell, Jamie Foxx, Isla Fisher",2023-07-31T18:16:46Z
Apex Legends - Official 'Kill Code Part 2' Trailer,2023-07-31T17:00:37Z
"Heart of Stone: Exclusive Clip (2023) Gal Gadot, Jamie Dornan",2023-07-31T16:00:38Z
EA Sports FC 24 - Official Career Deep Dive Trailer,2023-07-31T15:34:23Z
Fort Solis: 14 Minutes of Exclusive Gameplay,2023-07-31T15:00:44Z
"Marvel Studios’ Loki Season 2 - Official Trailer (2023) Tom Hiddleston, Owen Wilson, Ke Huy Quan",2023-07-31T13:14:16Z
Fortnite x Terminator - Official Collaboration Trailer,2023-07-31T11:13:22Z
Mortal Kombat 1 - Official Keepers of Time Trailer,2023-07-31T03:18:59Z
The Last Voyage of the Demeter - Official Clip (2023) Corey Hawkins,2023-07-30T13:00:45Z
"SAW X - Official Trailer (2023) Tobin Bell, Synnøve Macody Lund",2023-07-30T00:30:30Z
"Simpsons Hit and Run Remake, Inception True Ending Revealed, & More! | IGN The Weekly Fix",2023-07-29T19:00:06Z
The Biggest Game Releases of August 2023,2023-07-29T14:00:25Z
"The Last Voyage of The Demeter - Official Clip (2023) Jon Jon Briones, Corey Hawkins",2023-07-29T13:00:04Z
Tekken 8: 11 Minutes of Closed Network Test Gameplay,2023-07-29T03:00:18Z
Path of Exile: Trial of the Ancestors - Official Release Date Trailer,2023-07-29T02:00:14Z
Path of the Exile 2 - Official Gameplay Overview,2023-07-29T02:00:09Z
Blue Protocol Preview: Living Out my Anime Action Dreams,2023-07-29T01:00:01Z
How the TMNT controller smells like pizza #tmnt #pizza #xbox #gaming #tech #shorts,2023-07-29T00:07:40Z
Me when I break my diet #hauntedmansion #tiffanyhaddish #jamieleecurtis #shorts,2023-07-29T00:06:58Z
'I like turtles' kid returns #tmnt #meme #teenagemutantninjaturtles #shorts,2023-07-29T00:05:41Z
Nicki Minaj is coming to Call of Duty #cod #nickiminaj #gaming #xbox #playstation #shorts,2023-07-29T00:04:27Z
Does the pizza controller actually smell like pizza? #tmnt #xbox #gaming #pizza #shorts,2023-07-29T00:03:46Z
Laika: Aged Through Blood is a Metroidvania on a Dirtbike – and it TOTALLY Works,2023-07-28T23:55:04Z
Will Netflix's One Piece Break The Live-Action Anime Curse? - IGN The Fix: Entertainment,2023-07-28T23:49:50Z
Warzone to Reveal Call of Duty: Modern Warfare 3 - IGN Daily Fix,2023-07-28T22:59:49Z
"IGN Road to Evo Diary Part 2 - I Went 0-2 At a Tourney, and What I Learned From It",2023-07-28T22:10:57Z
"Scooby-Doo! and Krypto, Too! - Official Trailer (2023) Matthew Lillard, Tara Strong",2023-07-28T21:00:18Z
Final Fantasy 14: Dawntrail - Official Teaser Trailer,2023-07-28T20:00:07Z
Teenage Mutant Ninja Turtles: Mutant Mayhem Video Review,2023-07-28T19:37:46Z
30XX - Official Early Access Recap Trailer | Re-MIX Showcase July 2023,2023-07-28T18:05:07Z
Re-MIX Showcase Livestream 2023,2023-07-28T18:03:22Z
What Is Mission: Impossible's Best Tom Cruise Stunt? | Super Debatable,2023-07-28T17:56:21Z
"Futurama: Season 11 - Exclusive Clip (2023) Billy West, Katey Sagal, John DiMaggio",2023-07-28T16:00:51Z
Hot Wheels Unleashed 2: Turbocharged - Official Fast & Furious Trailer,2023-07-28T15:45:36Z
Broforce Forever - Final Update Trailer,2023-07-28T15:00:29Z
Rainbow Six Siege - Official Ash and Oryx WWE Bundles Trailer,2023-07-28T14:55:28Z
The Last Voyage of The Demeter - Official Clip (2023) Aisling Franciosi,2023-07-28T13:00:47Z
"17 MIA PS5, Xbox Games - Next-Gen Console Watch",2023-07-28T13:00:19Z
"The Morning Show - Official Season 3 Teaser Trailer (2023) Jennifer Aniston, Reese Witherspoon",2023-07-28T00:00:05Z
"PS5 Shoots Through 40 Million Sales, Tracking Slightly Behind PS4 - IGN Daily Fix",2023-07-27T23:37:58Z
"The Last Voyage of the Demeter - Official Clip (2023) Liam Cunningham, Corey Hawkins",2023-07-27T23:00:17Z
Ad Infinitum - Official Pre-Order Trailer,2023-07-27T22:00:25Z
Mortal Kombat 1: All Timeline Differences We've Noticed (So Far),2023-07-27T21:13:40Z
F1 Manager 2023 Review,2023-07-27T21:00:01Z
